feature,coef_std,coef_real,std,abs_std
sqft_living,276552.75363439426,301.6172438628243,916.8996775269608,276552.75363439426
house_age,85842.33951319591,3072.149906887363,27.94210637988351,85842.33951319591
view_4,65253.79304474126,552053.2591199366,0.11820198860661832,65253.79304474126
waterfront_1,54764.537547717664,574518.1341650782,0.09532255692382026,54764.537547717664
bedrooms,-49505.13923406135,-56185.57462480612,0.8811005238381004,49505.13923406135
bathrooms,45991.79759423886,64097.788788320424,0.7175254944616631,45991.79759423886
view_3,22133.743342159738,130606.3989284291,0.16946905759409836,22133.743342159738
sqft_basement,-14091.427482582774,-30.970184703231986,454.99978826772127,14091.427482582774
view_1,13671.14363268729,112448.0640645397,0.12157740327873248,13671.14363268729
floors,12490.373908591762,24405.790139589062,0.5117791244271541,12490.373908591762
condition,10456.740681983014,15126.109333529042,0.6913040525764448,10456.740681983014
view_2,8468.53809500904,41584.42290718546,0.20364688272602538,8468.53809500904
sqft_lot,-3515.29679708359,-0.07824425982947528,44927.216446865124,3515.29679708359
